run_id,run_timestamp,paper_id,paper_title,question_id,question,category,pipeline_id,pipeline_name,stage,namespace,answer,faithfulness,answer_relevancy,context_precision,context_recall,ragas_skipped,ragas_errors,retrieval_ms,generation_ms,latency_ms,ragas_ms,error
2c9c813acc5a4b70b90b2f16a92c99b0,2026-07-08T21:29:51.246658+00:00,1809.08731,"Sentence-Level Fluency Evaluation: References Help, But Can Be Spared!",q1,Is ROUGE their only baseline?,factual,naive,Naive RAG,baseline,naive,I don't have enough information in the provided context to answer this question.,0.0,0.0,0.49999999995,0.0,,,2654,2583,5237,8715,
2c9c813acc5a4b70b90b2f16a92c99b0,2026-07-08T21:29:51.246658+00:00,1809.08731,"Sentence-Level Fluency Evaluation: References Help, But Can Be Spared!",q1,Is ROUGE their only baseline?,factual,semantic_chunking,Semantic Chunking,pre_retrieval,semantic,ROUGE is not their only baseline; they also use SVR and other metrics like WPSLOR and ROUGE-L-mult for comparison in their experiments.,1.0,0.36774751105252657,0.3333333333,0.0,,,2590,1227,3817,7770,
2c9c813acc5a4b70b90b2f16a92c99b0,2026-07-08T21:29:51.246658+00:00,1809.08731,"Sentence-Level Fluency Evaluation: References Help, But Can Be Spared!",q1,Is ROUGE their only baseline?,factual,multi_query,Multi-Query Retrieval,pre_retrieval,naive,I don't have enough information in the provided context to answer this question.,0.0,0.0,0.49999999995,0.0,,,3174,681,3855,7466,
2c9c813acc5a4b70b90b2f16a92c99b0,2026-07-08T21:29:51.246658+00:00,1809.08731,"Sentence-Level Fluency Evaluation: References Help, But Can Be Spared!",q1,Is ROUGE their only baseline?,factual,mmr,MMR,during_retrieval,naive,I don't have enough information in the provided context to answer this question.,0.0,0.0,0.0,0.0,,,2465,820,3285,9493,
2c9c813acc5a4b70b90b2f16a92c99b0,2026-07-08T21:29:51.246658+00:00,1809.08731,"Sentence-Level Fluency Evaluation: References Help, But Can Be Spared!",q1,Is ROUGE their only baseline?,factual,rerank,Cross-Encoder Re-rank,during_retrieval,naive,"No, ROUGE is not their only baseline. The context mentions that ROUGE-LM yields a higher correlation with human judgments than all baseline metrics, including WPSLOR on its own.",1.0,0.8885399630093973,0.4166666666458333,0.0,,,2392,1407,3799,7345,
2c9c813acc5a4b70b90b2f16a92c99b0,2026-07-08T21:29:51.246658+00:00,1809.08731,"Sentence-Level Fluency Evaluation: References Help, But Can Be Spared!",q1,Is ROUGE their only baseline?,factual,crag,CRAG,during_retrieval,naive,I don't have enough information in the provided context to answer this question.,0.0,0.0,0.49999999995,0.0,,,3524,833,4357,9365,
2c9c813acc5a4b70b90b2f16a92c99b0,2026-07-08T21:29:51.246658+00:00,1809.08731,"Sentence-Level Fluency Evaluation: References Help, But Can Be Spared!",q1,Is ROUGE their only baseline?,factual,compression,Contextual Compression,post_retrieval,naive,I don't have enough information in the provided context to answer this question.,0.0,0.0,0.19999999998,0.0,,,2252,774,3026,9514,
2c9c813acc5a4b70b90b2f16a92c99b0,2026-07-08T21:29:51.246658+00:00,1809.08731,"Sentence-Level Fluency Evaluation: References Help, But Can Be Spared!",q1,Is ROUGE their only baseline?,factual,selfcheck,SelfCheckGPT,post_retrieval,naive,I don't have enough information in the provided context to answer this question.,0.0,0.0,0.49999999995,0.0,,,578,2272,2850,6897,
2c9c813acc5a4b70b90b2f16a92c99b0,2026-07-08T21:29:51.246658+00:00,1809.08731,"Sentence-Level Fluency Evaluation: References Help, But Can Be Spared!",q2,what language models do they use?,factual,naive,Naive RAG,baseline,naive,"They use neural models, specifically recurrent neural networks (RNNs), as they obtained the best results with these types of language models.",1.0,0.7817530675758189,0.3333333333,1.0,,,583,996,1579,8271,
2c9c813acc5a4b70b90b2f16a92c99b0,2026-07-08T21:29:51.246658+00:00,1809.08731,"Sentence-Level Fluency Evaluation: References Help, But Can Be Spared!",q2,what language models do they use?,factual,semantic_chunking,Semantic Chunking,pre_retrieval,semantic,"The best results were obtained for neural models, namely recurrent neural networks (RNNs).",1.0,0.4942711723825022,0.0,1.0,,,1869,1175,3044,9026,
2c9c813acc5a4b70b90b2f16a92c99b0,2026-07-08T21:29:51.246658+00:00,1809.08731,"Sentence-Level Fluency Evaluation: References Help, But Can Be Spared!",q2,what language models do they use?,factual,multi_query,Multi-Query Retrieval,pre_retrieval,naive,"They used neural language models, specifically recurrent neural networks (RNNs), which provided the best results in their experiments.",0.6666666666666666,0.5055649164056044,0.249999999975,0.0,,,3199,936,4135,10890,
2c9c813acc5a4b70b90b2f16a92c99b0,2026-07-08T21:29:51.246658+00:00,1809.08731,"Sentence-Level Fluency Evaluation: References Help, But Can Be Spared!",q2,what language models do they use?,factual,mmr,MMR,during_retrieval,naive,"The best results were obtained for neural models, namely recurrent neural networks (RNNs).",1.0,0.4942711723825022,0.0,0.0,,,1576,932,2508,8486,
2c9c813acc5a4b70b90b2f16a92c99b0,2026-07-08T21:29:51.246658+00:00,1809.08731,"Sentence-Level Fluency Evaluation: References Help, But Can Be Spared!",q2,what language models do they use?,factual,rerank,Cross-Encoder Re-rank,during_retrieval,naive,"The paper discusses the use of neural language models (LMs) for evaluation, specifically mentioning a novel version of SLOR that incorporates a LM trained on a corpus split by a WordPiece model.",1.0,0.6102328859661782,0.3333333333,1.0,,,2742,1970,4712,10456,
2c9c813acc5a4b70b90b2f16a92c99b0,2026-07-08T21:29:51.246658+00:00,1809.08731,"Sentence-Level Fluency Evaluation: References Help, But Can Be Spared!",q2,what language models do they use?,factual,crag,CRAG,during_retrieval,naive,"Lau et al. (2017) used different types of language models (LMs) in their experiments, with the best results obtained for neural models, specifically recurrent neural networks (RNNs).",1.0,0.7497040693268865,0.0,0.0,,,2975,1296,4271,8768,
2c9c813acc5a4b70b90b2f16a92c99b0,2026-07-08T21:29:51.246658+00:00,1809.08731,"Sentence-Level Fluency Evaluation: References Help, But Can Be Spared!",q2,what language models do they use?,factual,compression,Contextual Compression,post_retrieval,naive,"They use neural language models, specifically recurrent neural networks (RNNs) and LSTM neural networks for language modeling.",1.0,0.6749022421137426,0.36666666664833336,1.0,,,2293,925,3218,9037,
2c9c813acc5a4b70b90b2f16a92c99b0,2026-07-08T21:29:51.246658+00:00,1809.08731,"Sentence-Level Fluency Evaluation: References Help, But Can Be Spared!",q2,what language models do they use?,factual,selfcheck,SelfCheckGPT,post_retrieval,naive,"[Low confidence: stochastic resampling produced inconsistent answers — treat with caution.]

They use neural models, specifically recurrent neural networks (RNNs), as they obtained the best results with these models.",0.5,0.0,0.3333333333,1.0,,,590,1997,2587,8990,
2c9c813acc5a4b70b90b2f16a92c99b0,2026-07-08T21:29:51.246658+00:00,1809.08731,"Sentence-Level Fluency Evaluation: References Help, But Can Be Spared!",q3,what questions do they ask human judges?,out_of_scope,naive,Naive RAG,baseline,naive,The human judges are asked to rate the fluency of system outputs on an ordinal scale from 1 (disfluent) through 3 (fluent).,1.0,0.4876160811631059,,,"[""context_precision"", ""context_recall""]",,485,1241,1726,7138,
2c9c813acc5a4b70b90b2f16a92c99b0,2026-07-08T21:29:51.246658+00:00,1809.08731,"Sentence-Level Fluency Evaluation: References Help, But Can Be Spared!",q3,what questions do they ask human judges?,out_of_scope,semantic_chunking,Semantic Chunking,pre_retrieval,semantic,I don't have enough information in the provided context to answer this question.,0.0,0.0,,,"[""context_precision"", ""context_recall""]",,3386,1529,4915,6750,
2c9c813acc5a4b70b90b2f16a92c99b0,2026-07-08T21:29:51.246658+00:00,1809.08731,"Sentence-Level Fluency Evaluation: References Help, But Can Be Spared!",q3,what questions do they ask human judges?,out_of_scope,multi_query,Multi-Query Retrieval,pre_retrieval,naive,I don't have enough information in the provided context to answer this question.,0.0,0.0,,,"[""context_precision"", ""context_recall""]",,4218,692,4910,5296,
2c9c813acc5a4b70b90b2f16a92c99b0,2026-07-08T21:29:51.246658+00:00,1809.08731,"Sentence-Level Fluency Evaluation: References Help, But Can Be Spared!",q3,what questions do they ask human judges?,out_of_scope,mmr,MMR,during_retrieval,naive,"Lau et al. (2017) aimed to answer the question: ""Do humans judge acceptability on a gradient scale?""",1.0,0.159150350301645,,,"[""context_precision"", ""context_recall""]",,1114,2716,3830,8158,
2c9c813acc5a4b70b90b2f16a92c99b0,2026-07-08T21:29:51.246658+00:00,1809.08731,"Sentence-Level Fluency Evaluation: References Help, But Can Be Spared!",q3,what questions do they ask human judges?,out_of_scope,rerank,Cross-Encoder Re-rank,during_retrieval,naive,"The context does not specify the exact questions asked to human judges. It mentions that human ratings for content and fluency are collected, with fluency rated on an ordinal scale from 1 (disfluent) to 3 (fluent). However, it does not provide the specific questions posed to the judges. 

I don't have enough information in the provided context to answer this question.",0.8,0.0,,,"[""context_precision"", ""context_recall""]",,2158,1790,3948,8810,
2c9c813acc5a4b70b90b2f16a92c99b0,2026-07-08T21:29:51.246658+00:00,1809.08731,"Sentence-Level Fluency Evaluation: References Help, But Can Be Spared!",q3,what questions do they ask human judges?,out_of_scope,crag,CRAG,during_retrieval,naive,"Lau et al. (2017) aimed to answer the question: ""Do humans judge acceptability on a gradient scale?""",1.0,0.15913264953818743,,,"[""context_precision"", ""context_recall""]",,2998,1187,4185,5739,
2c9c813acc5a4b70b90b2f16a92c99b0,2026-07-08T21:29:51.246658+00:00,1809.08731,"Sentence-Level Fluency Evaluation: References Help, But Can Be Spared!",q3,what questions do they ask human judges?,out_of_scope,compression,Contextual Compression,post_retrieval,naive,I don't have enough information in the provided context to answer this question.,0.0,0.0,,,"[""context_precision"", ""context_recall""]",,3214,964,4178,5642,
2c9c813acc5a4b70b90b2f16a92c99b0,2026-07-08T21:29:51.246658+00:00,1809.08731,"Sentence-Level Fluency Evaluation: References Help, But Can Be Spared!",q3,what questions do they ask human judges?,out_of_scope,selfcheck,SelfCheckGPT,post_retrieval,naive,The human judges are asked to rate the fluency of system outputs on an ordinal scale from 1 (disfluent) through 3 (fluent).,1.0,0.4876160811631059,,,"[""context_precision"", ""context_recall""]",,608,2751,3359,9562,
2c9c813acc5a4b70b90b2f16a92c99b0,2026-07-08T21:29:51.246658+00:00,1809.08731,"Sentence-Level Fluency Evaluation: References Help, But Can Be Spared!",q4,On what corpus are the LSTM language models trained?,factual,naive,Naive RAG,baseline,naive,The LSTM language models are trained on the English Gigaword corpus.,1.0,0.9524589806393139,0.7499999999625,1.0,,,577,803,1380,7322,
2c9c813acc5a4b70b90b2f16a92c99b0,2026-07-08T21:29:51.246658+00:00,1809.08731,"Sentence-Level Fluency Evaluation: References Help, But Can Be Spared!",q4,On what corpus are the LSTM language models trained?,factual,semantic_chunking,Semantic Chunking,pre_retrieval,semantic,The LSTM language models are trained on the English Gigaword corpus.,1.0,0.9524441566607963,0.7499999999625,1.0,,,1488,944,2432,7358,
2c9c813acc5a4b70b90b2f16a92c99b0,2026-07-08T21:29:51.246658+00:00,1809.08731,"Sentence-Level Fluency Evaluation: References Help, But Can Be Spared!",q4,On what corpus are the LSTM language models trained?,factual,multi_query,Multi-Query Retrieval,pre_retrieval,naive,The LSTM language models are trained on the English Gigaword corpus.,1.0,0.9524441566607963,0.7499999999625,1.0,,,3109,649,3758,7023,
2c9c813acc5a4b70b90b2f16a92c99b0,2026-07-08T21:29:51.246658+00:00,1809.08731,"Sentence-Level Fluency Evaluation: References Help, But Can Be Spared!",q4,On what corpus are the LSTM language models trained?,factual,mmr,MMR,during_retrieval,naive,"The LSTM language models are trained on the English Giga-word corpus (Parker et al., 2011).",1.0,0.9524441566607963,0.9999999999,1.0,,,1118,1002,2120,6442,
2c9c813acc5a4b70b90b2f16a92c99b0,2026-07-08T21:29:51.246658+00:00,1809.08731,"Sentence-Level Fluency Evaluation: References Help, But Can Be Spared!",q4,On what corpus are the LSTM language models trained?,factual,rerank,Cross-Encoder Re-rank,during_retrieval,naive,The LSTM language models are trained on the English Gigaword corpus.,1.0,0.9524441566607963,0.3333333333,1.0,,,2777,774,3551,7724,
2c9c813acc5a4b70b90b2f16a92c99b0,2026-07-08T21:29:51.246658+00:00,1809.08731,"Sentence-Level Fluency Evaluation: References Help, But Can Be Spared!",q4,On what corpus are the LSTM language models trained?,factual,crag,CRAG,during_retrieval,naive,The LSTM language models are trained on the English Gigaword corpus.,1.0,0.9524441566607963,0.8333333332916666,1.0,,,2811,662,3473,7502,
2c9c813acc5a4b70b90b2f16a92c99b0,2026-07-08T21:29:51.246658+00:00,1809.08731,"Sentence-Level Fluency Evaluation: References Help, But Can Be Spared!",q4,On what corpus are the LSTM language models trained?,factual,compression,Contextual Compression,post_retrieval,naive,The LSTM language models are trained on the English Giga-word corpus.,1.0,0.9524433222262466,0.8333333332916666,1.0,,,1857,684,2541,7818,
2c9c813acc5a4b70b90b2f16a92c99b0,2026-07-08T21:29:51.246658+00:00,1809.08731,"Sentence-Level Fluency Evaluation: References Help, But Can Be Spared!",q4,On what corpus are the LSTM language models trained?,factual,selfcheck,SelfCheckGPT,post_retrieval,naive,The LSTM language models are trained on the English Gigaword corpus.,1.0,0.9524602428148331,0.7499999999625,1.0,,,416,2258,2674,11884,
2c9c813acc5a4b70b90b2f16a92c99b0,2026-07-08T21:29:51.246658+00:00,1809.08731,"Sentence-Level Fluency Evaluation: References Help, But Can Be Spared!",q5,What are the architecture and training details of the LSTM language models?,factual,naive,Naive RAG,baseline,naive,"The LSTM language models (LMs) are trained on the English Gigaword corpus, which consists of news data. The best networks consist of two layers with 512 hidden units each and are trained for 2,000,000 steps with a minibatch size of 128. For optimization, the ADAM algorithm is employed. The hyperparameters of all LMs are tuned using perplexity on a held-out part of Gigaword, as it is expected that LM perplexity correlates with the final evaluation performance of WordSLOR and WPSLOR.",1.0,0.79685284991523,0.3333333333,1.0,,,403,2244,2647,11550,
2c9c813acc5a4b70b90b2f16a92c99b0,2026-07-08T21:29:51.246658+00:00,1809.08731,"Sentence-Level Fluency Evaluation: References Help, But Can Be Spared!",q5,What are the architecture and training details of the LSTM language models?,factual,semantic_chunking,Semantic Chunking,pre_retrieval,semantic,"The LSTM language models are trained on the English Gigaword corpus, consisting of news data. The best networks consist of two layers with 512 hidden units each and are trained for 2,000,000 steps with a minibatch size of 128. For optimization, the ADAM algorithm is employed.",1.0,0.9184673736641554,0.9999999999,1.0,,,1546,1359,2905,8574,
2c9c813acc5a4b70b90b2f16a92c99b0,2026-07-08T21:29:51.246658+00:00,1809.08731,"Sentence-Level Fluency Evaluation: References Help, But Can Be Spared!",q5,What are the architecture and training details of the LSTM language models?,factual,multi_query,Multi-Query Retrieval,pre_retrieval,naive,"The LSTM language models (LMs) are trained on the English Gigaword corpus, which consists of news data. The best networks consist of two layers with 512 hidden units each and are trained for 2,000,000 steps with a minibatch size of 128. For optimization, the ADAM algorithm is employed. The hyperparameters of all LMs are tuned using perplexity on a held-out part of Gigaword, as it is expected that LM perplexity correlates with the final evaluation performance of WordSLOR and WPSLOR.",1.0,0.8094021575478827,0.249999999975,1.0,,,3666,1987,5653,11043,
2c9c813acc5a4b70b90b2f16a92c99b0,2026-07-08T21:29:51.246658+00:00,1809.08731,"Sentence-Level Fluency Evaluation: References Help, But Can Be Spared!",q5,What are the architecture and training details of the LSTM language models?,factual,mmr,MMR,during_retrieval,naive,I don't have enough information in the provided context to answer this question.,0.0,0.0,0.0,0.0,,,1291,869,2160,22466,
2c9c813acc5a4b70b90b2f16a92c99b0,2026-07-08T21:29:51.246658+00:00,1809.08731,"Sentence-Level Fluency Evaluation: References Help, But Can Be Spared!",q5,What are the architecture and training details of the LSTM language models?,factual,rerank,Cross-Encoder Re-rank,during_retrieval,naive,"The LSTM language models are trained on the English Gigaword corpus, which consists of news data. The best networks consist of two layers with 512 hidden units each and are trained for 2,000,000 steps with a minibatch size of 128. For optimization, the ADAM algorithm is employed. The hyperparameters of all LMs are tuned using perplexity on a held-out part of Gigaword, as it is expected that LM perplexity correlates with the final evaluation performance of WordSLOR and WPSLOR.",1.0,0.8555608384192736,0.3333333333,1.0,,,1905,2463,4368,12482,
2c9c813acc5a4b70b90b2f16a92c99b0,2026-07-08T21:29:51.246658+00:00,1809.08731,"Sentence-Level Fluency Evaluation: References Help, But Can Be Spared!",q5,What are the architecture and training details of the LSTM language models?,factual,crag,CRAG,during_retrieval,naive,"The LSTM language models (LMs) are trained on the English Gigaword corpus, which consists of a large dataset. More details on LSTM LMs can be found in Sundermeyer et al. (2012).",1.0,0.6638806132070424,0.0,0.0,,,2346,1187,3533,7164,
2c9c813acc5a4b70b90b2f16a92c99b0,2026-07-08T21:29:51.246658+00:00,1809.08731,"Sentence-Level Fluency Evaluation: References Help, But Can Be Spared!",q5,What are the architecture and training details of the LSTM language models?,factual,compression,Contextual Compression,post_retrieval,naive,"The LSTM language models consist of two layers with 512 hidden units each. They are trained for 2,000,000 steps with a minibatch size of 128, using the ADAM optimization algorithm.",1.0,0.8440615405153501,0.49999999995,1.0,,,2421,1332,3753,6686,
2c9c813acc5a4b70b90b2f16a92c99b0,2026-07-08T21:29:51.246658+00:00,1809.08731,"Sentence-Level Fluency Evaluation: References Help, But Can Be Spared!",q5,What are the architecture and training details of the LSTM language models?,factual,selfcheck,SelfCheckGPT,post_retrieval,naive,"The LSTM language models are trained on the English Gigaword corpus, which consists of news data. The best networks consist of two layers with 512 hidden units each and are trained for 2,000,000 steps with a minibatch size of 128. For optimization, the ADAM algorithm is employed. The hyperparameters of all LMs are tuned using perplexity on a held-out part of Gigaword.",1.0,0.9730027582034172,0.3333333333,1.0,,,462,3586,4048,10531,
2c9c813acc5a4b70b90b2f16a92c99b0,2026-07-08T21:29:51.246658+00:00,1809.08731,"Sentence-Level Fluency Evaluation: References Help, But Can Be Spared!",q6,What dataset and task are used to evaluate the fluency metrics?,factual,naive,Naive RAG,baseline,naive,"The dataset used to evaluate the fluency metrics consists of system outputs for the task of compression, with 2955 examples in the test split. Each example has 3 to 5 independent human ratings for fluency, rated on an ordinal scale from 1 (disfluent) to 3 (fluent).",1.0,0.9110255282027541,0.4166666666458333,0.5,,,462,1580,2042,9829,
2c9c813acc5a4b70b90b2f16a92c99b0,2026-07-08T21:29:51.246658+00:00,1809.08731,"Sentence-Level Fluency Evaluation: References Help, But Can Be Spared!",q6,What dataset and task are used to evaluate the fluency metrics?,factual,semantic_chunking,Semantic Chunking,pre_retrieval,semantic,"The dataset used to evaluate the fluency metrics consists of 2955 examples, with 500 examples used for training and development, and the remaining 1955 for testing. The task involves evaluating the fluency of system outputs, specifically focusing on the fluency of generated sentences.",1.0,0.9033305315378874,0.3333333333,0.0,,,1509,1508,3017,9261,
2c9c813acc5a4b70b90b2f16a92c99b0,2026-07-08T21:29:51.246658+00:00,1809.08731,"Sentence-Level Fluency Evaluation: References Help, But Can Be Spared!",q6,What dataset and task are used to evaluate the fluency metrics?,factual,multi_query,Multi-Query Retrieval,pre_retrieval,naive,The dataset used to evaluate the fluency metrics is a benchmark dataset of compressed sentences. The task is referenceless fluency evaluation of natural language generation output at the sentence level.,1.0,0.9239241363340499,0.3333333333,0.0,,,3363,801,4164,9662,
2c9c813acc5a4b70b90b2f16a92c99b0,2026-07-08T21:29:51.246658+00:00,1809.08731,"Sentence-Level Fluency Evaluation: References Help, But Can Be Spared!",q6,What dataset and task are used to evaluate the fluency metrics?,factual,mmr,MMR,during_retrieval,naive,"The dataset used to evaluate the fluency metrics is the compression dataset by Toutanova et al. (2016), which contains single sentences and two-sentence paragraphs from the Open American National Corpus (OANC) across 4 genres: newswire, letters, journal, and non-fiction. The task involves evaluating the fluency of system-generated outputs.",1.0,0.9472978058217473,0.499999999975,1.0,,,1202,1588,2790,10056,
2c9c813acc5a4b70b90b2f16a92c99b0,2026-07-08T21:29:51.246658+00:00,1809.08731,"Sentence-Level Fluency Evaluation: References Help, But Can Be Spared!",q6,What dataset and task are used to evaluate the fluency metrics?,factual,rerank,Cross-Encoder Re-rank,during_retrieval,naive,"The dataset used to evaluate the fluency metrics is the compression dataset by Toutanova et al. (2016), which contains single sentences and two-sentence paragraphs from the Open American National Corpus (OANC) across four genres: newswire, letters, journal, and non-fiction. The task involves assessing the performances of WordSLOR and WPSLOR as fluency evaluation metrics.",1.0,0.9335970130367391,0.49999999995,0.5,,,2313,1632,3945,8845,
2c9c813acc5a4b70b90b2f16a92c99b0,2026-07-08T21:29:51.246658+00:00,1809.08731,"Sentence-Level Fluency Evaluation: References Help, But Can Be Spared!",q6,What dataset and task are used to evaluate the fluency metrics?,factual,crag,CRAG,during_retrieval,naive,"The dataset used to evaluate the fluency metrics consists of compressions, as indicated by the example compressions from the dataset with their fluency scores. The task involves evaluating the fluency of these compressions.",0.6666666666666666,0.9110255282027541,0.9999999999,0.0,,,2730,932,3662,8172,
2c9c813acc5a4b70b90b2f16a92c99b0,2026-07-08T21:29:51.246658+00:00,1809.08731,"Sentence-Level Fluency Evaluation: References Help, But Can Be Spared!",q6,What dataset and task are used to evaluate the fluency metrics?,factual,compression,Contextual Compression,post_retrieval,naive,"The dataset used to evaluate the fluency metrics is the compression dataset by Toutanova et al. (2016), which contains single sentences and two-sentence paragraphs from the Open American National Corpus (OANC) across 4 genres: newswire, letters, journal, and non-fiction. The task is to evaluate the fluency of natural language generation output.",1.0,0.8492448038410486,0.4499999999775,1.0,,,3398,1662,5060,10160,
2c9c813acc5a4b70b90b2f16a92c99b0,2026-07-08T21:29:51.246658+00:00,1809.08731,"Sentence-Level Fluency Evaluation: References Help, But Can Be Spared!",q6,What dataset and task are used to evaluate the fluency metrics?,factual,selfcheck,SelfCheckGPT,post_retrieval,naive,"The dataset used to evaluate the fluency metrics consists of system outputs for the task of compression, with 2955 examples in the test split. Each example has 3 to 5 independent human ratings for fluency, rated on an ordinal scale from 1 (disfluent) to 3 (fluent).",1.0,0.9110255282027541,0.4166666666458333,0.5,,,463,3604,4067,8130,
2c9c813acc5a4b70b90b2f16a92c99b0,2026-07-08T21:29:51.246658+00:00,1809.08731,"Sentence-Level Fluency Evaluation: References Help, But Can Be Spared!",q7,Which four compression systems' outputs are evaluated?,factual,naive,Naive RAG,baseline,naive,I don't have enough information in the provided context to answer this question.,0.0,0.0,0.0,0.0,,,503,752,1255,9470,
2c9c813acc5a4b70b90b2f16a92c99b0,2026-07-08T21:29:51.246658+00:00,1809.08731,"Sentence-Level Fluency Evaluation: References Help, But Can Be Spared!",q7,Which four compression systems' outputs are evaluated?,factual,semantic_chunking,Semantic Chunking,pre_retrieval,semantic,"The four compression systems' outputs evaluated are ILP, NAMAS, WordSLOR, and WPSLOR.",0.0,0.9379840007908372,0.9999999999,0.5,,,1943,1085,3028,8278,
2c9c813acc5a4b70b90b2f16a92c99b0,2026-07-08T21:29:51.246658+00:00,1809.08731,"Sentence-Level Fluency Evaluation: References Help, But Can Be Spared!",q7,Which four compression systems' outputs are evaluated?,factual,multi_query,Multi-Query Retrieval,pre_retrieval,naive,I don't have enough information in the provided context to answer this question.,0.0,0.0,0.3333333333,1.0,,,3946,905,4851,15025,
2c9c813acc5a4b70b90b2f16a92c99b0,2026-07-08T21:29:51.246658+00:00,1809.08731,"Sentence-Level Fluency Evaluation: References Help, But Can Be Spared!",q7,Which four compression systems' outputs are evaluated?,factual,mmr,MMR,during_retrieval,naive,"The four compression systems' outputs evaluated are ILP (extractive), NAMAS (abstractive), SEQ2SEQ (extractive), and T3 (abstractive).",1.0,0.9492522321201701,0.4166666666458333,1.0,,,1505,1018,2523,8625,
2c9c813acc5a4b70b90b2f16a92c99b0,2026-07-08T21:29:51.246658+00:00,1809.08731,"Sentence-Level Fluency Evaluation: References Help, But Can Be Spared!",q7,Which four compression systems' outputs are evaluated?,factual,rerank,Cross-Encoder Re-rank,during_retrieval,naive,I don't have enough information in the provided context to answer this question.,0.0,0.0,0.3333333333,1.0,,,3208,756,3964,9016,
2c9c813acc5a4b70b90b2f16a92c99b0,2026-07-08T21:29:51.246658+00:00,1809.08731,"Sentence-Level Fluency Evaluation: References Help, But Can Be Spared!",q7,Which four compression systems' outputs are evaluated?,factual,crag,CRAG,during_retrieval,naive,"The four compression systems' outputs evaluated are SEQ2SEQ, T3, ILP, and NAMAS.",0.0,0.9492522321201701,0.3333333333,1.0,,,2523,834,3357,8677,
2c9c813acc5a4b70b90b2f16a92c99b0,2026-07-08T21:29:51.246658+00:00,1809.08731,"Sentence-Level Fluency Evaluation: References Help, But Can Be Spared!",q7,Which four compression systems' outputs are evaluated?,factual,compression,Contextual Compression,post_retrieval,naive,"The four compression systems' outputs evaluated are ILP (extractive), NAMAS (abstractive), SEQ2SEQ (extractive), and T3 (abstractive).",1.0,0.9492489762460473,0.5833333333041666,1.0,,,2263,1002,3265,8147,
2c9c813acc5a4b70b90b2f16a92c99b0,2026-07-08T21:29:51.246658+00:00,1809.08731,"Sentence-Level Fluency Evaluation: References Help, But Can Be Spared!",q7,Which four compression systems' outputs are evaluated?,factual,selfcheck,SelfCheckGPT,post_retrieval,naive,I don't have enough information in the provided context to answer this question.,0.0,0.0,0.0,0.0,,,472,2672,3144,8167,
2c9c813acc5a4b70b90b2f16a92c99b0,2026-07-08T21:29:51.246658+00:00,1809.08731,"Sentence-Level Fluency Evaluation: References Help, But Can Be Spared!",q8,What are the vocabulary sizes of the WordPiece-based and word-based language models?,factual,naive,Naive RAG,baseline,naive,I don't have enough information in the provided context to answer this question.,0.0,0.0,0.0,0.0,,,521,965,1486,7555,
2c9c813acc5a4b70b90b2f16a92c99b0,2026-07-08T21:29:51.246658+00:00,1809.08731,"Sentence-Level Fluency Evaluation: References Help, But Can Be Spared!",q8,What are the vocabulary sizes of the WordPiece-based and word-based language models?,factual,semantic_chunking,Semantic Chunking,pre_retrieval,semantic,"The vocabulary size of the WordPiece-based language model (WPSLOR) is 16,000 tokens, while the vocabulary size of the word-based language model (WordSLOR) is 128,000 tokens.",1.0,0.9896992354801876,0.8333333332916666,1.0,,,1677,1477,3154,7576,
2c9c813acc5a4b70b90b2f16a92c99b0,2026-07-08T21:29:51.246658+00:00,1809.08731,"Sentence-Level Fluency Evaluation: References Help, But Can Be Spared!",q8,What are the vocabulary sizes of the WordPiece-based and word-based language models?,factual,multi_query,Multi-Query Retrieval,pre_retrieval,naive,I don't have enough information in the provided context to answer this question.,0.0,0.0,0.0,0.0,,,5900,671,6571,8382,
2c9c813acc5a4b70b90b2f16a92c99b0,2026-07-08T21:29:51.246658+00:00,1809.08731,"Sentence-Level Fluency Evaluation: References Help, But Can Be Spared!",q8,What are the vocabulary sizes of the WordPiece-based and word-based language models?,factual,mmr,MMR,during_retrieval,naive,I don't have enough information in the provided context to answer this question.,0.0,0.0,0.0,0.0,,,1387,1058,2445,8938,
2c9c813acc5a4b70b90b2f16a92c99b0,2026-07-08T21:29:51.246658+00:00,1809.08731,"Sentence-Level Fluency Evaluation: References Help, But Can Be Spared!",q8,What are the vocabulary sizes of the WordPiece-based and word-based language models?,factual,rerank,Cross-Encoder Re-rank,during_retrieval,naive,I don't have enough information in the provided context to answer this question.,0.0,0.0,0.0,0.0,,,4356,1094,5450,8449,
2c9c813acc5a4b70b90b2f16a92c99b0,2026-07-08T21:29:51.246658+00:00,1809.08731,"Sentence-Level Fluency Evaluation: References Help, But Can Be Spared!",q8,What are the vocabulary sizes of the WordPiece-based and word-based language models?,factual,crag,CRAG,during_retrieval,naive,I don't have enough information in the provided context to answer this question.,0.0,0.0,0.0,0.0,,,4661,671,5332,8040,
2c9c813acc5a4b70b90b2f16a92c99b0,2026-07-08T21:29:51.246658+00:00,1809.08731,"Sentence-Level Fluency Evaluation: References Help, But Can Be Spared!",q8,What are the vocabulary sizes of the WordPiece-based and word-based language models?,factual,compression,Contextual Compression,post_retrieval,naive,I don't have enough information in the provided context to answer this question.,0.0,0.0,0.0,0.0,,,10545,736,11281,6098,
2c9c813acc5a4b70b90b2f16a92c99b0,2026-07-08T21:29:51.246658+00:00,1809.08731,"Sentence-Level Fluency Evaluation: References Help, But Can Be Spared!",q8,What are the vocabulary sizes of the WordPiece-based and word-based language models?,factual,selfcheck,SelfCheckGPT,post_retrieval,naive,I don't have enough information in the provided context to answer this question.,0.0,0.0,0.0,0.0,,,582,1583,2165,7321,
2c9c813acc5a4b70b90b2f16a92c99b0,2026-07-08T21:29:51.246658+00:00,1809.08731,"Sentence-Level Fluency Evaluation: References Help, But Can Be Spared!",q9,Which measures are used to evaluate how well each metric correlates with human judgments?,factual,naive,Naive RAG,baseline,naive,"The measures used to evaluate how well each metric correlates with human judgments are Pearson correlation and mean squared error (MSE). Pearson correlation indicates the strength of the relationship, while MSE evaluates the expected error made by a given metric compared to human ratings.",1.0,0.9353619930291422,0.6388888888675925,1.0,,,537,1252,1789,6870,
2c9c813acc5a4b70b90b2f16a92c99b0,2026-07-08T21:29:51.246658+00:00,1809.08731,"Sentence-Level Fluency Evaluation: References Help, But Can Be Spared!",q9,Which measures are used to evaluate how well each metric correlates with human judgments?,factual,semantic_chunking,Semantic Chunking,pre_retrieval,semantic,"The measures used to evaluate how well each metric correlates with human judgments are Pearson correlation and mean squared error (MSE). Pearson correlation is defined as the covariance divided by the product of the standard deviations, while MSE is defined as the squares of residuals after a linear transformation, divided by the sample size.",1.0,0.9353806376366208,0.99999999995,1.0,,,1665,1160,2825,9540,
2c9c813acc5a4b70b90b2f16a92c99b0,2026-07-08T21:29:51.246658+00:00,1809.08731,"Sentence-Level Fluency Evaluation: References Help, But Can Be Spared!",q9,Which measures are used to evaluate how well each metric correlates with human judgments?,factual,multi_query,Multi-Query Retrieval,pre_retrieval,naive,"The measures used to evaluate how well each metric correlates with human judgments are Pearson correlation and mean squared error (MSE). Pearson correlation assesses the strength of the relationship between the metric and human ratings, while MSE evaluates the expected error made by a given metric compared to the human rating.",1.0,0.9234275259729179,0.6388888888675925,1.0,,,3468,1143,4611,8165,
2c9c813acc5a4b70b90b2f16a92c99b0,2026-07-08T21:29:51.246658+00:00,1809.08731,"Sentence-Level Fluency Evaluation: References Help, But Can Be Spared!",q9,Which measures are used to evaluate how well each metric correlates with human judgments?,factual,mmr,MMR,during_retrieval,naive,"The measures used to evaluate how well each metric correlates with human judgments are Pearson correlation and mean squared error (MSE). Pearson correlation indicates how well the metric correlates (higher is better), while MSE measures the expected error made by a given metric compared to human ratings (lower is better).",1.0,0.93535536466279,0.5833333333041666,1.0,,,1197,1360,2557,8240,
2c9c813acc5a4b70b90b2f16a92c99b0,2026-07-08T21:29:51.246658+00:00,1809.08731,"Sentence-Level Fluency Evaluation: References Help, But Can Be Spared!",q9,Which measures are used to evaluate how well each metric correlates with human judgments?,factual,rerank,Cross-Encoder Re-rank,during_retrieval,naive,The measures used to evaluate how well each metric correlates with human judgments are Pearson correlation and Mean Squared Error (MSE).,1.0,0.9353619930291422,0.499999999975,1.0,,,3574,1816,5390,8046,
2c9c813acc5a4b70b90b2f16a92c99b0,2026-07-08T21:29:51.246658+00:00,1809.08731,"Sentence-Level Fluency Evaluation: References Help, But Can Be Spared!",q9,Which measures are used to evaluate how well each metric correlates with human judgments?,factual,crag,CRAG,during_retrieval,naive,"The measures used to evaluate how well each metric correlates with human judgments are Pearson correlation and mean squared error (MSE). Pearson correlation indicates the strength of the relationship, while MSE evaluates the expected error made by a given metric compared to human ratings.",1.0,0.9353371709389027,0.6388888888675925,1.0,,,2804,949,3753,7165,
2c9c813acc5a4b70b90b2f16a92c99b0,2026-07-08T21:29:51.246658+00:00,1809.08731,"Sentence-Level Fluency Evaluation: References Help, But Can Be Spared!",q9,Which measures are used to evaluate how well each metric correlates with human judgments?,factual,compression,Contextual Compression,post_retrieval,naive,The measures used to evaluate how well each metric correlates with human judgments are Pearson correlation and mean squared error (MSE).,1.0,0.9353367473054511,0.4444444444296296,1.0,,,3402,800,4202,11204,
2c9c813acc5a4b70b90b2f16a92c99b0,2026-07-08T21:29:51.246658+00:00,1809.08731,"Sentence-Level Fluency Evaluation: References Help, But Can Be Spared!",q9,Which measures are used to evaluate how well each metric correlates with human judgments?,factual,selfcheck,SelfCheckGPT,post_retrieval,naive,"The measures used to evaluate how well each metric correlates with human judgments are Pearson correlation and mean squared error (MSE). Pearson correlation indicates the strength of the relationship, while MSE evaluates the expected error made by a given metric compared to human ratings.",1.0,0.9353367473054511,0.6388888888675925,1.0,,,539,3044,3583,9214,
2c9c813acc5a4b70b90b2f16a92c99b0,2026-07-08T21:29:51.246658+00:00,1809.08731,"Sentence-Level Fluency Evaluation: References Help, But Can Be Spared!",q10,What is SLOR and what is the intuition behind its two normalization terms?,synthesis,naive,Naive RAG,baseline,naive,"SLOR is a score that assigns to a sentence S a value based on its log-probability under a given language model (LM), normalized by unigram log-probability and sentence length. The formula is given by:

SLOR(S) = 1/|S| (ln(pM(S)) - ln(pu(S)))

The intuition behind the normalization terms is as follows: subtracting unigram log-probabilities ensures that a token which is rare on its own does not negatively impact the sentence's rating, as this reflects its rarity in isolation rather than in context. Normalizing by sentence length is necessary to avoid favoring shorter sentences over longer ones that are equally fluent.",1.0,0.687063929071385,0.99999999995,1.0,,,690,2034,2724,11574,
2c9c813acc5a4b70b90b2f16a92c99b0,2026-07-08T21:29:51.246658+00:00,1809.08731,"Sentence-Level Fluency Evaluation: References Help, But Can Be Spared!",q10,What is SLOR and what is the intuition behind its two normalization terms?,synthesis,semantic_chunking,Semantic Chunking,pre_retrieval,semantic,"SLOR is a score that assigns to a sentence S a value based on its log-probability under a given language model (LM), normalized by unigram log-probability and sentence length. The formula is given by:

SLOR(S) = (1/|S|) (ln(pM(S)) - ln(pu(S)))

The intuition behind the two normalization terms is as follows: 

1. **Unigram log-probability normalization**: This is used to ensure that a token which is rare on its own does not negatively impact the sentence's rating. It accounts for the fact that a token's rarity should not bring down the score of a sentence if the sentence is otherwise fluent.

2. **Length normalization**: This is necessary to avoid preferring shorter sentences over equally fluent longer ones, ensuring that the score reflects fluency regardless of sentence length.",1.0,0.6870604856353809,0.99999999995,1.0,,,1561,2997,4558,12391,
2c9c813acc5a4b70b90b2f16a92c99b0,2026-07-08T21:29:51.246658+00:00,1809.08731,"Sentence-Level Fluency Evaluation: References Help, But Can Be Spared!",q10,What is SLOR and what is the intuition behind its two normalization terms?,synthesis,multi_query,Multi-Query Retrieval,pre_retrieval,naive,"SLOR is a score that assigns to a sentence S a value based on its log-probability under a given language model (LM), normalized by unigram log-probability and sentence length. The formula for SLOR is:

SLOR(S) = 1/|S| (ln(pM(S)) - ln(pu(S)))

The intuition behind the normalization terms is as follows: subtracting unigram log-probabilities ensures that a token which is rare on its own does not negatively impact the sentence's rating, as this reflects its rarity in isolation rather than its context within the sentence. Normalizing by sentence length is necessary to avoid favoring shorter sentences over longer ones that are equally fluent.",1.0,0.687063929071385,0.8333333332916666,1.0,,,3294,2064,5358,13419,
2c9c813acc5a4b70b90b2f16a92c99b0,2026-07-08T21:29:51.246658+00:00,1809.08731,"Sentence-Level Fluency Evaluation: References Help, But Can Be Spared!",q10,What is SLOR and what is the intuition behind its two normalization terms?,synthesis,mmr,MMR,during_retrieval,naive,"SLOR is a scoring method that assigns a score to a sentence based on its log-probability under a language model (LM), normalized by unigram log-probability and sentence length. The formula for SLOR is:

SLOR(S) = 1/|S| (ln(pM(S)) - ln(pu(S)))

The intuition behind the normalization terms is twofold: 

1. **Unigram Log-Probability Normalization**: This is to ensure that a token which is rare on its own does not negatively impact the sentence's score, as it contrasts with being rare at a specific position in the sentence.

2. **Length Normalization**: This is necessary to avoid preferring shorter sentences over equally fluent longer ones, ensuring that sentence length does not bias the score.",1.0,0.6210654668199543,0.7499999999625,1.0,,,1171,2744,3915,13794,
2c9c813acc5a4b70b90b2f16a92c99b0,2026-07-08T21:29:51.246658+00:00,1809.08731,"Sentence-Level Fluency Evaluation: References Help, But Can Be Spared!",q10,What is SLOR and what is the intuition behind its two normalization terms?,synthesis,rerank,Cross-Encoder Re-rank,during_retrieval,naive,"SLOR, or syntactic log-odds ratio, is a score that assigns to a sentence S a value based on its log-probability under a given language model (LM), normalized by unigram log-probability and sentence length. The formula is given by:

SLOR(S) = 1/|S| (ln(pM(S)) - ln(pu(S)))

The intuition behind the normalization terms is as follows: subtracting unigram log-probabilities ensures that a token which is rare on its own does not negatively impact the sentence's rating, as this reflects its rarity in isolation rather than in context. Normalizing by sentence length is necessary to avoid favoring shorter sentences over longer ones that are equally fluent.",1.0,0.687063929071385,0.9999999999666667,1.0,,,4239,2249,6488,12527,
2c9c813acc5a4b70b90b2f16a92c99b0,2026-07-08T21:29:51.246658+00:00,1809.08731,"Sentence-Level Fluency Evaluation: References Help, But Can Be Spared!",q10,What is SLOR and what is the intuition behind its two normalization terms?,synthesis,crag,CRAG,during_retrieval,naive,"SLOR is a score that assigns to a sentence S a value based on its log-probability under a given language model (LM), normalized by unigram log-probability and sentence length. The formula is given by:

SLOR(S) = 1/|S| (ln(pM(S)) - ln(pu(S)))

The intuition behind the normalization terms is as follows: subtracting unigram log-probabilities ensures that a token which is rare on its own does not negatively impact the sentence's rating, as this reflects its rarity in isolation rather than its context within the sentence. Normalizing by sentence length is necessary to avoid favoring shorter sentences over longer ones that are equally fluent.",1.0,0.6870521229344217,0.99999999995,1.0,,,2482,2041,4523,14117,
2c9c813acc5a4b70b90b2f16a92c99b0,2026-07-08T21:29:51.246658+00:00,1809.08731,"Sentence-Level Fluency Evaluation: References Help, But Can Be Spared!",q10,What is SLOR and what is the intuition behind its two normalization terms?,synthesis,compression,Contextual Compression,post_retrieval,naive,"SLOR is a metric that assigns a score to a sentence based on its log-probability under a given language model (LM), normalized by unigram log-probability and sentence length. The intuition behind subtracting unigram log-probabilities is that a token which is rare on its own should not negatively impact the sentence’s rating. The normalization by sentence length is necessary to avoid preferring shorter sentences over equally fluent longer ones.",1.0,0.687063929071385,0.9166666666361111,1.0,,,2797,1576,4373,11998,
2c9c813acc5a4b70b90b2f16a92c99b0,2026-07-08T21:29:51.246658+00:00,1809.08731,"Sentence-Level Fluency Evaluation: References Help, But Can Be Spared!",q10,What is SLOR and what is the intuition behind its two normalization terms?,synthesis,selfcheck,SelfCheckGPT,post_retrieval,naive,"SLOR is a score that assigns to a sentence S a value based on its log-probability under a given language model (LM), normalized by unigram log-probability and sentence length. The formula is given by:

SLOR(S) = 1/|S| (ln(pM(S)) - ln(pu(S)))

The intuition behind the normalization terms is as follows: subtracting unigram log-probabilities ensures that a token which is rare on its own does not negatively impact the sentence's rating, as this reflects its rarity in isolation rather than in context. Normalizing by sentence length is necessary to avoid favoring shorter sentences over longer ones that are equally fluent.",1.0,0.687063929071385,0.99999999995,1.0,,,732,25654,26386,15660,
2c9c813acc5a4b70b90b2f16a92c99b0,2026-07-08T21:29:51.246658+00:00,1809.08731,"Sentence-Level Fluency Evaluation: References Help, But Can Be Spared!",q11,What is WPSLOR and what advantages does it have over the word-based SLOR?,synthesis,naive,Naive RAG,baseline,naive,"WPSLOR is a novel, WordPiece-based version of SLOR that incorporates a language model (LM) trained on a corpus split by WordPiece. The advantages of WPSLOR over the word-based SLOR include a smaller vocabulary, resulting in a model with fewer parameters and faster training time (approximately 12 hours compared to roughly 5 days for the word-based version). Additionally, both WPSLOR and WordSLOR correlate better with human judgments than traditional word-overlap metrics.",1.0,0.9555048933142908,0.99999999995,0.6666666666666666,,,565,1768,2333,13100,
2c9c813acc5a4b70b90b2f16a92c99b0,2026-07-08T21:29:51.246658+00:00,1809.08731,"Sentence-Level Fluency Evaluation: References Help, But Can Be Spared!",q11,What is WPSLOR and what advantages does it have over the word-based SLOR?,synthesis,semantic_chunking,Semantic Chunking,pre_retrieval,semantic,"WPSLOR is a novel version of SLOR that incorporates a language model (LM) trained on a corpus split by WordPieces. The advantages of WPSLOR over the word-based SLOR (WordSLOR) include a smaller vocabulary, resulting in a LM with fewer parameters, which leads to faster training times (around 12 hours compared to roughly 5 days for WordSLOR). Additionally, WPSLOR maintains performance without a significant loss compared to WordSLOR.",1.0,0.9061605529876541,0.9166666666361111,0.6666666666666666,,,1595,2870,4465,11807,
2c9c813acc5a4b70b90b2f16a92c99b0,2026-07-08T21:29:51.246658+00:00,1809.08731,"Sentence-Level Fluency Evaluation: References Help, But Can Be Spared!",q11,What is WPSLOR and what advantages does it have over the word-based SLOR?,synthesis,multi_query,Multi-Query Retrieval,pre_retrieval,naive,"WPSLOR is a novel, WordPiece-based version of SLOR that incorporates a language model (LM) trained on a corpus split by WordPiece. The advantages of WPSLOR over the word-based SLOR include a smaller vocabulary, resulting in a model with fewer parameters and faster training time (approximately 12 hours compared to roughly 5 days for the word-based version). Additionally, both WPSLOR and WordSLOR correlate better with human judgments than traditional word-overlap metrics.",1.0,0.9555048933142908,0.99999999995,0.6666666666666666,,,3508,2459,5967,11964,
2c9c813acc5a4b70b90b2f16a92c99b0,2026-07-08T21:29:51.246658+00:00,1809.08731,"Sentence-Level Fluency Evaluation: References Help, But Can Be Spared!",q11,What is WPSLOR and what advantages does it have over the word-based SLOR?,synthesis,mmr,MMR,during_retrieval,naive,"WPSLOR is a novel version of SLOR that incorporates a language model (LM) trained on a corpus split by a WordPiece model. The advantages of WPSLOR over the word-based SLOR include a smaller vocabulary, resulting in a LM with fewer parameters, which makes it faster to train (around 12 hours compared to roughly 5 days for the word-based version). Additionally, both WPSLOR and WordSLOR correlate better with human judgments than traditional word-overlap metrics.",0.8888888888888888,0.9554878286118322,0.9999999999666667,0.6666666666666666,,,1324,2005,3329,11717,
2c9c813acc5a4b70b90b2f16a92c99b0,2026-07-08T21:29:51.246658+00:00,1809.08731,"Sentence-Level Fluency Evaluation: References Help, But Can Be Spared!",q11,What is WPSLOR and what advantages does it have over the word-based SLOR?,synthesis,rerank,Cross-Encoder Re-rank,during_retrieval,naive,"WPSLOR is a novel version of SLOR that incorporates a language model (LM) trained on a corpus split by a WordPiece model. The advantages of WPSLOR over the word-based SLOR include a smaller vocabulary and fewer parameters, resulting in a model that is faster to train (around 12 hours compared to roughly 5 days for the word-based version). Additionally, WPSLOR correlates significantly better with fluency ratings for the outputs of compression systems than traditional word-overlap metrics, and it does not require human fluency annotations, making it practical in various settings.",1.0,0.9498088254618776,0.999999999975,0.6666666666666666,,,3577,2356,5933,11461,
2c9c813acc5a4b70b90b2f16a92c99b0,2026-07-08T21:29:51.246658+00:00,1809.08731,"Sentence-Level Fluency Evaluation: References Help, But Can Be Spared!",q11,What is WPSLOR and what advantages does it have over the word-based SLOR?,synthesis,crag,CRAG,during_retrieval,naive,"WPSLOR is a novel, WordPiece-based version of SLOR that incorporates a language model (LM) trained on a corpus split by WordPiece. The advantages of WPSLOR over the word-based SLOR include a smaller vocabulary, resulting in a model with fewer parameters and faster training time (approximately 12 hours compared to roughly 5 days for the word-based version). Additionally, both WPSLOR and WordSLOR correlate better with human judgments than traditional word-overlap metrics.",0.8888888888888888,0.9554878286118322,0.99999999995,0.6666666666666666,,,2806,1632,4438,12389,
2c9c813acc5a4b70b90b2f16a92c99b0,2026-07-08T21:29:51.246658+00:00,1809.08731,"Sentence-Level Fluency Evaluation: References Help, But Can Be Spared!",q11,What is WPSLOR and what advantages does it have over the word-based SLOR?,synthesis,compression,Contextual Compression,post_retrieval,naive,"WPSLOR is a novel, Word-Piece-based version of SLOR that incorporates a language model (LM) trained on a corpus split by a WordPiece model. The advantages of WPSLOR over the word-based SLOR (WordSLOR) include a smaller vocabulary (16,000 vs. 128,000 tokens), resulting in a more compact LM with fewer parameters and significantly reduced training time (around 12 hours compared to roughly 5 days for WordSLOR). Additionally, both WPSLOR and WordSLOR correlate better with human judgments than traditional word-overlap metrics.",1.0,0.9061551290865605,0.94999999997625,1.0,,,2409,2029,4438,12297,
2c9c813acc5a4b70b90b2f16a92c99b0,2026-07-08T21:29:51.246658+00:00,1809.08731,"Sentence-Level Fluency Evaluation: References Help, But Can Be Spared!",q11,What is WPSLOR and what advantages does it have over the word-based SLOR?,synthesis,selfcheck,SelfCheckGPT,post_retrieval,naive,"WPSLOR is a novel, WordPiece-based version of SLOR that incorporates a language model (LM) trained on a corpus split by WordPiece. The advantages of WPSLOR over the word-based SLOR include a smaller vocabulary, resulting in a model with fewer parameters, which leads to faster training times (around 12 hours compared to roughly 5 days for the word-based version). Additionally, both WPSLOR and WordSLOR correlate better with human judgments than traditional word-overlap metrics.",0.9,0.9555048933142908,0.99999999995,0.6666666666666666,,,419,3481,3900,11186,
2c9c813acc5a4b70b90b2f16a92c99b0,2026-07-08T21:29:51.246658+00:00,1809.08731,"Sentence-Level Fluency Evaluation: References Help, But Can Be Spared!",q12,What is the paper's main finding when comparing the referenceless metrics to reference-based word-overlap metrics?,synthesis,naive,Naive RAG,baseline,naive,"The paper finds that WordSLOR and WPSLOR, which are referenceless metrics, correlate better with human judgments than the best reference-based word-overlap metric, ROUGE-L-mult. Specifically, WordSLOR has a 0.025 higher Pearson correlation than ROUGE-L-mult, and WPSLOR has a 0.008 higher correlation, despite ROUGE-L-mult requiring multiple reference compressions.",0.8,0.45530168156180034,0.9999999999666667,1.0,,,514,1764,2278,8333,
2c9c813acc5a4b70b90b2f16a92c99b0,2026-07-08T21:29:51.246658+00:00,1809.08731,"Sentence-Level Fluency Evaluation: References Help, But Can Be Spared!",q12,What is the paper's main finding when comparing the referenceless metrics to reference-based word-overlap metrics?,synthesis,semantic_chunking,Semantic Chunking,pre_retrieval,semantic,"The paper finds that the proposed referenceless metrics, such as WordSLOR and WPSLOR, correlate better with human judgments than traditional reference-based word-overlap metrics like ROUGE-L-mult, despite the latter requiring multiple reference compressions. Specifically, WordSLOR and WPSLOR have higher Pearson correlations and lower mean squared errors (MSE) compared to the best word-overlap metrics, indicating their effectiveness in evaluating content and fluency without relying on references.",1.0,0.7764056769058456,0.9166666666361111,1.0,,,1717,2045,3762,14138,
2c9c813acc5a4b70b90b2f16a92c99b0,2026-07-08T21:29:51.246658+00:00,1809.08731,"Sentence-Level Fluency Evaluation: References Help, But Can Be Spared!",q12,What is the paper's main finding when comparing the referenceless metrics to reference-based word-overlap metrics?,synthesis,multi_query,Multi-Query Retrieval,pre_retrieval,naive,"The paper's main finding is that WordSLOR and WPSLOR, which are referenceless metrics, correlate better with human judgments than the best reference-based word-overlap metric, ROUGE-L-mult. Specifically, WordSLOR has a 0.025 higher Pearson correlation than ROUGE-L-mult, and WPSLOR has a 0.008 higher correlation, despite ROUGE-L-mult requiring multiple reference compressions.",0.8,0.5319319263325076,0.9999999999666667,1.0,,,4248,1462,5710,9384,
2c9c813acc5a4b70b90b2f16a92c99b0,2026-07-08T21:29:51.246658+00:00,1809.08731,"Sentence-Level Fluency Evaluation: References Help, But Can Be Spared!",q12,What is the paper's main finding when comparing the referenceless metrics to reference-based word-overlap metrics?,synthesis,mmr,MMR,during_retrieval,naive,"The paper finds that WordNCE and WPNCE perform roughly on par with word-overlap metrics, which is notable since they do not require reference compressions. However, their correlation with human fluency judgments is strictly lower than that of reference-based metrics.",1.0,0.582411110806493,0.9999999999666667,1.0,,,1436,1718,3154,8981,
2c9c813acc5a4b70b90b2f16a92c99b0,2026-07-08T21:29:51.246658+00:00,1809.08731,"Sentence-Level Fluency Evaluation: References Help, But Can Be Spared!",q12,What is the paper's main finding when comparing the referenceless metrics to reference-based word-overlap metrics?,synthesis,rerank,Cross-Encoder Re-rank,during_retrieval,naive,"The paper's main finding is that the proposed referenceless metrics, such as WordSLOR and WPSLOR, correlate significantly better with fluency ratings for the outputs of compression systems than traditional reference-based word-overlap metrics. Additionally, these referenceless metrics can be applied in settings where no references are available, which is a key advantage over word-overlap metrics that rely on references.",1.0,0.783687825479061,0.999999999975,1.0,,,3530,1544,5074,8127,
2c9c813acc5a4b70b90b2f16a92c99b0,2026-07-08T21:29:51.246658+00:00,1809.08731,"Sentence-Level Fluency Evaluation: References Help, But Can Be Spared!",q12,What is the paper's main finding when comparing the referenceless metrics to reference-based word-overlap metrics?,synthesis,crag,CRAG,during_retrieval,naive,"The paper finds that referenceless metrics WordSLOR and WPSLOR outperform the best reference-based word-overlap metric, ROUGE-L-mult, by 0.025 and 0.008 in Pearson correlation, respectively. Additionally, when considering a single reference with ROUGE-L-single, the distance to WordSLOR increases to 0.048 for Pearson correlation, indicating that referenceless metrics can achieve competitive performance compared to reference-based metrics.",1.0,0.627105841983845,0.999999999975,1.0,,,3393,1895,5288,9027,
2c9c813acc5a4b70b90b2f16a92c99b0,2026-07-08T21:29:51.246658+00:00,1809.08731,"Sentence-Level Fluency Evaluation: References Help, But Can Be Spared!",q12,What is the paper's main finding when comparing the referenceless metrics to reference-based word-overlap metrics?,synthesis,compression,Contextual Compression,post_retrieval,naive,"The paper's main finding is that the proposed referenceless metrics correlate significantly better with fluency ratings for the outputs of compression systems than traditional word-overlap metrics. Additionally, the referenceless metrics can be applied in settings where no references are available or would be costly to obtain.",1.0,0.7836883991622222,0.7099999999858,1.0,,,5394,1548,6942,11774,
2c9c813acc5a4b70b90b2f16a92c99b0,2026-07-08T21:29:51.246658+00:00,1809.08731,"Sentence-Level Fluency Evaluation: References Help, But Can Be Spared!",q12,What is the paper's main finding when comparing the referenceless metrics to reference-based word-overlap metrics?,synthesis,selfcheck,SelfCheckGPT,post_retrieval,naive,"The paper finds that WordSLOR and WPSLOR, which are referenceless metrics, correlate better with human judgments than the best reference-based word-overlap metric, ROUGE-L-mult. Specifically, WordSLOR has a 0.025 higher Pearson correlation than ROUGE-L-mult, and WPSLOR has a 0.008 higher correlation, despite ROUGE-L-mult requiring multiple reference compressions.",0.6666666666666666,0.45530168156180034,0.9999999999666667,1.0,,,674,4171,4845,10823,
2c9c813acc5a4b70b90b2f16a92c99b0,2026-07-08T21:29:51.246658+00:00,1809.08731,"Sentence-Level Fluency Evaluation: References Help, But Can Be Spared!",q13,What is ROUGE-LM and why do the authors propose it?,synthesis,naive,Naive RAG,baseline,naive,"ROUGE-LM is a novel reference-based metric proposed by the authors that aims to achieve a significantly higher correlation with human fluency judgments than all other metrics tested in their experiments. The authors propose it to incorporate available references for fluency evaluation, as they hypothesize that ROUGE should contain information about fluency that is complementary to SLOR.",1.0,0.9087617988632313,0.9999999999666667,0.6666666666666666,,,978,1467,2445,8966,
2c9c813acc5a4b70b90b2f16a92c99b0,2026-07-08T21:29:51.246658+00:00,1809.08731,"Sentence-Level Fluency Evaluation: References Help, But Can Be Spared!",q13,What is ROUGE-LM and why do the authors propose it?,synthesis,semantic_chunking,Semantic Chunking,pre_retrieval,semantic,"ROUGE-LM is a new reference-based metric proposed by the authors that normalizes given scores by mean and variance and adds them up. The authors propose it because it achieves a significantly higher correlation with human fluency judgments than all other metrics in their experiments, making it a promising candidate for evaluating the fluency of natural language generation (NLG).",1.0,0.9797308550325684,0.49999999995,1.0,,,1999,1658,3657,10264,
2c9c813acc5a4b70b90b2f16a92c99b0,2026-07-08T21:29:51.246658+00:00,1809.08731,"Sentence-Level Fluency Evaluation: References Help, But Can Be Spared!",q13,What is ROUGE-LM and why do the authors propose it?,synthesis,multi_query,Multi-Query Retrieval,pre_retrieval,naive,ROUGE-LM is a novel reference-based metric proposed by the authors that combines WPSLOR and ROUGE. The authors propose it because it achieves a significantly higher correlation with human fluency judgments than all other metrics in their experiments.,1.0,0.9797231680802474,0.499999999975,0.0,,,4664,1117,5781,8594,
2c9c813acc5a4b70b90b2f16a92c99b0,2026-07-08T21:29:51.246658+00:00,1809.08731,"Sentence-Level Fluency Evaluation: References Help, But Can Be Spared!",q13,What is ROUGE-LM and why do the authors propose it?,synthesis,mmr,MMR,during_retrieval,naive,"ROUGE-LM is a reference-based metric that serves as a natural extension of WPSLOR when references are available. The authors propose it because it yields a significantly higher correlation with human judgments of fluency than all baseline metrics, including WPSLOR on its own.",1.0,0.9561242547759269,0.249999999975,0.0,,,1814,2053,3867,8229,
2c9c813acc5a4b70b90b2f16a92c99b0,2026-07-08T21:29:51.246658+00:00,1809.08731,"Sentence-Level Fluency Evaluation: References Help, But Can Be Spared!",q13,What is ROUGE-LM and why do the authors propose it?,synthesis,rerank,Cross-Encoder Re-rank,during_retrieval,naive,"ROUGE-LM is a reference-based metric that combines WPSLOR and ROUGE to evaluate fluency in natural language generation (NLG). The authors propose it because it achieves a significantly higher correlation with human fluency judgments than all other metrics tested, including WPSLOR on its own. This makes ROUGE-LM a more accurate tool for evaluating fluency when references are available.",1.0,0.9561242547759269,0.999999999975,1.0,,,4418,1688,6106,10814,
2c9c813acc5a4b70b90b2f16a92c99b0,2026-07-08T21:29:51.246658+00:00,1809.08731,"Sentence-Level Fluency Evaluation: References Help, But Can Be Spared!",q13,What is ROUGE-LM and why do the authors propose it?,synthesis,crag,CRAG,during_retrieval,naive,ROUGE-LM is a novel reference-based metric that combines WPSLOR and ROUGE to increase the correlation with human fluency ratings. The authors propose it because it achieves a significantly higher correlation with human fluency judgments than all other metrics tested in their experiments.,1.0,0.9560993246722914,0.4166666666458333,1.0,,,3326,1735,5061,11249,
2c9c813acc5a4b70b90b2f16a92c99b0,2026-07-08T21:29:51.246658+00:00,1809.08731,"Sentence-Level Fluency Evaluation: References Help, But Can Be Spared!",q13,What is ROUGE-LM and why do the authors propose it?,synthesis,compression,Contextual Compression,post_retrieval,naive,"ROUGE-LM is a novel reference-based metric that combines WPSLOR and ROUGE. The authors propose it because it achieves a significantly higher correlation with human fluency judgments than all other metrics in their experiments, indicating it is effective for evaluating fluency when references are available.",1.0,0.9561242547759269,0.555555555537037,0.3333333333333333,,,13602,1660,15262,12068,
2c9c813acc5a4b70b90b2f16a92c99b0,2026-07-08T21:29:51.246658+00:00,1809.08731,"Sentence-Level Fluency Evaluation: References Help, But Can Be Spared!",q13,What is ROUGE-LM and why do the authors propose it?,synthesis,selfcheck,SelfCheckGPT,post_retrieval,naive,"ROUGE-LM is a novel reference-based metric proposed by the authors that aims to achieve a significantly higher correlation with human fluency judgments than all other metrics tested in their experiments. The authors propose it to incorporate available references for fluency evaluation, as they hypothesize that ROUGE should contain information about fluency that is complementary to SLOR.",1.0,0.9087348956474898,0.6388888888675925,1.0,,,1102,3215,4317,11748,
2c9c813acc5a4b70b90b2f16a92c99b0,2026-07-08T21:29:51.246658+00:00,1809.08731,"Sentence-Level Fluency Evaluation: References Help, But Can Be Spared!",q14,"How well do the SLOR-based metrics generalize across domains and to abstractive systems, given their LM is trained on news?",synthesis,naive,Naive RAG,baseline,naive,"The SLOR-based metrics, specifically WordSLOR and WPSLOR, are applicable even for systems that do not rely on a fixed repertoire of words. They perform best across all domains, outperforming the best word-overlap metric by at least 0.019 and at most 0.051 Pearson correlation, and at least 0.004 and at most 0.014 MSE. Even LMs trained on out-of-domain data achieve competitive performance for fluency evaluation, suggesting that a domain-specific LM might further improve the metrics' correlation with human judgments.",0.8571428571428571,0.6800536092233028,0.999999999975,0.5,,,1463,1954,3417,10770,
2c9c813acc5a4b70b90b2f16a92c99b0,2026-07-08T21:29:51.246658+00:00,1809.08731,"Sentence-Level Fluency Evaluation: References Help, But Can Be Spared!",q14,"How well do the SLOR-based metrics generalize across domains and to abstractive systems, given their LM is trained on news?",synthesis,semantic_chunking,Semantic Chunking,pre_retrieval,semantic,"The SLOR-based metrics, specifically WordSLOR and WPSLOR, perform well across different domains, even when their language models (LMs) are trained on out-of-domain data, such as news. They outperform the best word-overlap metric by at least 0.019 and at most 0.051 in Pearson correlation, and at least 0.004 and at most 0.014 in mean squared error (MSE). However, the context suggests that a domain-specific LM might further improve the metrics' correlation with human judgments, indicating that while they generalize well, there is potential for better performance with domain-specific training.",0.8,0.0,0.999999999975,0.5,,,1719,2001,3720,12524,
2c9c813acc5a4b70b90b2f16a92c99b0,2026-07-08T21:29:51.246658+00:00,1809.08731,"Sentence-Level Fluency Evaluation: References Help, But Can Be Spared!",q14,"How well do the SLOR-based metrics generalize across domains and to abstractive systems, given their LM is trained on news?",synthesis,multi_query,Multi-Query Retrieval,pre_retrieval,naive,"The context indicates that SLOR-based metrics, specifically WordSLOR and WPSLOR, perform well across various domains, even when the language models (LMs) are trained on out-of-domain data like news. They outperform the best word-overlap metric in terms of Pearson correlation and mean squared error (MSE). However, it is suggested that a domain-specific LM might further improve the metrics' correlation with human judgments. Thus, while they generalize well, there is potential for better performance with domain-specific training.",0.8888888888888888,0.0,0.999999999975,0.5,,,4964,1679,6643,13670,
2c9c813acc5a4b70b90b2f16a92c99b0,2026-07-08T21:29:51.246658+00:00,1809.08731,"Sentence-Level Fluency Evaluation: References Help, But Can Be Spared!",q14,"How well do the SLOR-based metrics generalize across domains and to abstractive systems, given their LM is trained on news?",synthesis,mmr,MMR,during_retrieval,naive,"The SLOR-based metrics, WordSLOR and WPSLOR, perform well across all domains, even when the language model (LM) is trained on out-of-domain data like news. They outperform the best word-overlap metric in terms of Pearson correlation and mean squared error (MSE). However, the context suggests that a domain-specific LM might further improve the metrics' correlation with human judgments, indicating that while they generalize well, there is potential for enhancement with domain-specific training.",0.875,0.0,0.9166666666361111,0.5,,,2298,1937,4235,10471,
2c9c813acc5a4b70b90b2f16a92c99b0,2026-07-08T21:29:51.246658+00:00,1809.08731,"Sentence-Level Fluency Evaluation: References Help, But Can Be Spared!",q14,"How well do the SLOR-based metrics generalize across domains and to abstractive systems, given their LM is trained on news?",synthesis,rerank,Cross-Encoder Re-rank,during_retrieval,naive,"The SLOR-based metrics, specifically WordSLOR and WPSLOR, perform well across all domains, as they ""outperform the best word-overlap metric by at least 0.019 and at most 0.051 Pearson correlation, and at least 0.004 and at most 0.014 MSE."" This indicates that even language models (LMs) trained on out-of-domain data, such as news data, achieve competitive performance for fluency evaluation. However, the context suggests that a domain-specific LM might further improve the metrics' correlation with human judgments, indicating that while they generalize well, there is potential for enhancement with domain-specific training.",0.75,0.0,0.999999999975,0.5,,,3710,2312,6022,11382,
2c9c813acc5a4b70b90b2f16a92c99b0,2026-07-08T21:29:51.246658+00:00,1809.08731,"Sentence-Level Fluency Evaluation: References Help, But Can Be Spared!",q14,"How well do the SLOR-based metrics generalize across domains and to abstractive systems, given their LM is trained on news?",synthesis,crag,CRAG,during_retrieval,naive,"The SLOR-based metrics, specifically WordSLOR and WPSLOR, have been shown to perform well across various domains, even when the language models (LMs) are trained on out-of-domain data, such as news data. The paper concludes that these metrics can be applied successfully to unrelated domains, indicating a level of generalization. However, it also suggests that training LMs on specific domains might further improve the correlation of these metrics with human fluency judgments, leaving this as a question for future research.",1.0,0.0,0.999999999975,0.5,,,3640,3079,6719,10380,
2c9c813acc5a4b70b90b2f16a92c99b0,2026-07-08T21:29:51.246658+00:00,1809.08731,"Sentence-Level Fluency Evaluation: References Help, But Can Be Spared!",q14,"How well do the SLOR-based metrics generalize across domains and to abstractive systems, given their LM is trained on news?",synthesis,compression,Contextual Compression,post_retrieval,naive,"The SLOR-based metrics show competitive performance for fluency evaluation even when the LMs are trained on out-of-domain data, such as news data. However, the context suggests that a domain-specific LM might further improve the metrics' correlation with human judgments, indicating that while there is general applicability, the effectiveness may vary depending on the domain.",1.0,0.0,0.99999999995,0.5,,,3194,1341,4535,8550,
2c9c813acc5a4b70b90b2f16a92c99b0,2026-07-08T21:29:51.246658+00:00,1809.08731,"Sentence-Level Fluency Evaluation: References Help, But Can Be Spared!",q14,"How well do the SLOR-based metrics generalize across domains and to abstractive systems, given their LM is trained on news?",synthesis,selfcheck,SelfCheckGPT,post_retrieval,naive,"The SLOR-based metrics, specifically WordSLOR and WPSLOR, are applicable even for systems that do not rely on a fixed repertoire of words. They perform best across all domains, outperforming the best word-overlap metric by at least 0.019 and at most 0.051 Pearson correlation, and at least 0.004 and at most 0.014 MSE. Even LMs trained on out-of-domain data achieve competitive performance for fluency evaluation, suggesting that a domain-specific LM might further improve the metrics' correlation with human judgments.",0.8571428571428571,0.6800536092233028,0.999999999975,0.5,,,1352,5166,6518,11112,
2c9c813acc5a4b70b90b2f16a92c99b0,2026-07-08T21:29:51.246658+00:00,1809.08731,"Sentence-Level Fluency Evaluation: References Help, But Can Be Spared!",q15,What accuracy does SLOR achieve at detecting factual errors in the compressed sentences?,out_of_scope,naive,Naive RAG,baseline,naive,I don't have enough information in the provided context to answer this question.,0.0,0.0,,,"[""context_precision"", ""context_recall""]",,646,904,1550,5209,
2c9c813acc5a4b70b90b2f16a92c99b0,2026-07-08T21:29:51.246658+00:00,1809.08731,"Sentence-Level Fluency Evaluation: References Help, But Can Be Spared!",q15,What accuracy does SLOR achieve at detecting factual errors in the compressed sentences?,out_of_scope,semantic_chunking,Semantic Chunking,pre_retrieval,semantic,I don't have enough information in the provided context to answer this question.,0.0,0.0,,,"[""context_precision"", ""context_recall""]",,1904,897,2801,5160,
2c9c813acc5a4b70b90b2f16a92c99b0,2026-07-08T21:29:51.246658+00:00,1809.08731,"Sentence-Level Fluency Evaluation: References Help, But Can Be Spared!",q15,What accuracy does SLOR achieve at detecting factual errors in the compressed sentences?,out_of_scope,multi_query,Multi-Query Retrieval,pre_retrieval,naive,I don't have enough information in the provided context to answer this question.,0.0,0.0,,,"[""context_precision"", ""context_recall""]",,3642,705,4347,6653,
2c9c813acc5a4b70b90b2f16a92c99b0,2026-07-08T21:29:51.246658+00:00,1809.08731,"Sentence-Level Fluency Evaluation: References Help, But Can Be Spared!",q15,What accuracy does SLOR achieve at detecting factual errors in the compressed sentences?,out_of_scope,mmr,MMR,during_retrieval,naive,I don't have enough information in the provided context to answer this question.,0.0,0.0,,,"[""context_precision"", ""context_recall""]",,2507,1100,3607,5859,
2c9c813acc5a4b70b90b2f16a92c99b0,2026-07-08T21:29:51.246658+00:00,1809.08731,"Sentence-Level Fluency Evaluation: References Help, But Can Be Spared!",q15,What accuracy does SLOR achieve at detecting factual errors in the compressed sentences?,out_of_scope,rerank,Cross-Encoder Re-rank,during_retrieval,naive,I don't have enough information in the provided context to answer this question.,0.0,0.0,,,"[""context_precision"", ""context_recall""]",,3237,818,4055,4465,
2c9c813acc5a4b70b90b2f16a92c99b0,2026-07-08T21:29:51.246658+00:00,1809.08731,"Sentence-Level Fluency Evaluation: References Help, But Can Be Spared!",q15,What accuracy does SLOR achieve at detecting factual errors in the compressed sentences?,out_of_scope,crag,CRAG,during_retrieval,naive,I don't have enough information in the provided context to answer this question.,0.0,0.0,,,"[""context_precision"", ""context_recall""]",,3319,736,4055,5119,
2c9c813acc5a4b70b90b2f16a92c99b0,2026-07-08T21:29:51.246658+00:00,1809.08731,"Sentence-Level Fluency Evaluation: References Help, But Can Be Spared!",q15,What accuracy does SLOR achieve at detecting factual errors in the compressed sentences?,out_of_scope,compression,Contextual Compression,post_retrieval,naive,I don't have enough information in the provided context to answer this question.,1.0,0.0,,,"[""context_precision"", ""context_recall""]",,1650,0,1650,4857,
2c9c813acc5a4b70b90b2f16a92c99b0,2026-07-08T21:29:51.246658+00:00,1809.08731,"Sentence-Level Fluency Evaluation: References Help, But Can Be Spared!",q15,What accuracy does SLOR achieve at detecting factual errors in the compressed sentences?,out_of_scope,selfcheck,SelfCheckGPT,post_retrieval,naive,I don't have enough information in the provided context to answer this question.,0.0,0.0,,,"[""context_precision"", ""context_recall""]",,547,2359,2906,4745,
